Prediction,Round,Seed1,Team1,Team2,Seed2,K TEMPO,K TEMPO RANK,KADJ T,KADJ T RANK,K OFF,KO RANK,KADJ O,KADJ O RANK,K DEF,KD RANK,KADJ D,KADJ D RANK,KADJ EM,KADJ EM RANK,BADJ EM,BADJ O,BADJ D,BARTHAG,GAMES,W,L,WIN%,EFG%,EFG%D,FTR,FTRD,TOV%,TOV%D,OREB%,DREB%,OP OREB%,OP DREB%,RAW T,2PT%,2PT%D,3PT%,3PT%D,BLK%,BLKED%,AST%,OP AST%,2PTR,3PTR,2PTRD,3PTRD,BADJ T,AVG HGT,EFF HGT,EXP,TALENT,FT%,OP FT%,PPPO,PPPD,ELITE SOS,WAB,BADJ EM RANK,BADJ O RANK,BADJ D RANK,BARTHAG RANK,EFG% RANK,EFGD% RANK,FTR RANK,FTRD RANK,TOV% RANK,TOV%D RANK,OREB% RANK,DREB% RANK,OP OREB% RANK,OP DREB% RANK,RAW T RANK,2PT% RANK,2PT%D RANK,3PT% RANK,3PT%D RANK,BLK% RANK,BLKED% RANK,AST% RANK,OP AST% RANK,2PTR RANK,3PTR RANK,2PTRD RANK,3PTRD RANK,BADJT RANK,AVG HGT RANK,EFF HGT RANK,EXP RANK,TALENT RANK,FT% RANK,OP FT% RANK,PPPO RANK,PPPD RANK,ELITE SOS RANK
1,1,1,Connecticut,Stetson,16,-0.3974999999999937,22,-1.7102999999999895,72,11.298000000000002,-52,16.346000000000004,-99,-15.111100000000008,-309,-19.971099999999996,-331,36.3171,-217,39.218,18.808000000000007,-20.41,0.615,3,12,-9,29.886148009999992,3.700000000000003,-6.899999999999999,1.599999999999998,6.600000000000001,-0.9000000000000004,2.6999999999999997,9.0,4.400000000000006,-4.399999999999999,-9.0,-0.5,6.0,-8.5,0.2000000000000028,-2.6000000000000014,6.4,0.200000000000001,15.0,-3.5,0.8999999999999986,-0.8999999999999986,4.199999999999996,-4.199999999999996,-1.3640000000000043,0.695999999999998,0.1929999999999978,-0.3489999999999997,38.477,-2.0999999999999943,-1.0999999999999943,0.1179999999999998,-0.148,20.981,18.1,-231,-117,-335,-229,-49,-262,-56,148,-42,-104,-218,-205,-205,-218,23,-89,-260,-11,-165,-245,14,-214,-89,-20,21,144,-143,61,-66,-13,115,-97,55,-69,-56,-310,-202
1,1,2,Iowa St,South Dakota St,15,0.0360000000000013,-1,-0.5217999999999989,31,0.3049999999999926,-5,5.201999999999998,-79,-14.161900000000005,-150,-18.52820000000001,-162,23.73035,-129,24.003,6.091999999999999,-17.911,0.375,3,8,-5,18.12144213,-3.3999999999999986,-3.699999999999996,5.700000000000003,7.800000000000004,-0.6999999999999993,9.2,7.200000000000003,-4.1000000000000085,4.099999999999998,-7.199999999999989,0.0,-4.199999999999996,-2.1000000000000014,-1.3000000000000045,-3.700000000000003,1.1000000000000014,0.0,11.6,11.4,8.200000000000003,-8.200000000000003,2.1000000000000014,-2.1000000000000014,-0.3269999999999982,0.5060000000000002,-0.2349999999999994,0.0050000000000001,36.587,-1.8999999999999917,-3.0999999999999943,0.0090000000000001,-0.1439999999999999,23.039,14.3,-132,-86,-152,-134,94,-168,-159,199,-53,-211,-209,165,165,-209,0,105,-69,76,-220,-61,0,-235,242,-198,199,8,-7,24,-83,29,-5,-143,75,-176,-23,-158,-276
1,1,3,Illinois,Morehead St,14,4.821899999999999,-252,5.6533000000000015,-279,8.275000000000006,-66,16.561999999999998,-121,4.488500000000002,107,-1.956000000000003,-27,18.51826,-101,20.945,18.654,-2.290999999999997,0.3330000000000001,4,4,0,3.137254909999996,-0.6000000000000014,2.299999999999997,6.4999999999999964,-5.600000000000001,-3.4000000000000004,-3.1999999999999997,4.200000000000003,0.3000000000000113,-0.2999999999999971,-4.200000000000003,4.799999999999997,-0.8999999999999986,1.2000000000000028,-0.3999999999999986,3.199999999999996,-3.0,0.4000000000000003,-8.0,1.5,6.800000000000004,-6.800000000000004,3.299999999999997,-3.3000000000000007,5.575000000000003,0.6910000000000025,0.2010000000000076,0.072,40.756,3.0,-4.099999999999994,0.0859999999999998,0.0399999999999999,20.861,9.4,-125,-146,-45,-121,12,52,-170,-146,-221,74,-67,-9,-9,-67,-250,14,22,20,188,156,29,189,11,-126,128,16,-18,-277,-34,-18,-23,-110,-130,-179,-73,92,-226
1,1,4,Auburn,Yale,13,5.344999999999999,-267,5.266100000000009,-269,6.939000000000007,-61,9.75399999999999,-79,-6.372600000000006,-93,-9.6755,-86,19.42985,-80,18.873,10.867999999999997,-8.00500000000001,0.2129999999999999,5,7,-2,10.446247470000005,1.8000000000000045,-6.300000000000004,11.300000000000004,12.0,0.8000000000000007,2.1999999999999997,4.5,-6.299999999999997,6.300000000000001,-4.5,5.400000000000006,2.3999999999999986,-6.0,0.6000000000000014,-4.199999999999999,6.0,0.0,8.700000000000003,-14.5,-2.200000000000003,2.200000000000003,8.100000000000001,-8.100000000000001,5.218999999999994,-0.5090000000000003,0.465999999999994,0.2849999999999999,33.956999999999994,4.5,-0.2000000000000028,0.0719999999999998,-0.0619999999999999,11.838,8.0,-80,-85,-73,-80,-45,-133,-282,244,33,-152,-133,224,224,-133,-270,-66,-105,-32,-189,-135,0,-96,-303,52,-54,257,-258,-266,52,-49,-84,-122,-191,-8,-67,-92,-77
1,1,5,San Diego St,UAB,12,-1.6828000000000003,109,-1.815100000000001,113,-2.3699999999999903,48,-0.132000000000005,3,-10.577200000000005,-239,-13.5488,-193,13.41751,-85,11.223000000000004,-1.1929999999999978,-12.415999999999997,0.2159999999999999,-1,0,-1,2.083333330000002,-0.3000000000000042,-3.799999999999997,-3.0,1.8999999999999984,-0.6999999999999993,1.8999999999999984,-2.5999999999999943,3.0,-3.0,2.5999999999999943,-1.7000000000000028,1.2000000000000028,-1.9000000000000057,-1.8000000000000007,-4.5,-0.4000000000000003,-1.0999999999999996,1.1999999999999955,-0.2999999999999971,-6.5,6.4999999999999964,-3.799999999999997,3.799999999999997,-1.632000000000005,0.4899999999999949,0.0720000000000027,0.29,21.68,-1.3999999999999917,-2.1000000000000085,-0.0249999999999999,-0.102,12.628,5.300000000000001,-77,9,-183,-80,16,-176,45,62,-58,-132,48,-149,-149,48,108,-46,-88,85,-239,11,-92,-35,-8,144,-144,-131,122,105,-79,-9,-88,-59,49,-122,52,-241,-78
0,1,6,BYU,Duquesne,11,3.193000000000012,-181,2.734499999999997,-166,12.098,-174,13.564999999999998,-155,0.1380000000000052,3,1.9268,20,11.63806,-70,11.477,14.319000000000004,2.8419999999999987,0.146,-1,0,-1,2.0499108799999988,5.0,0.0,-7.800000000000001,-3.199999999999996,-2.3000000000000007,-3.5,2.8999999999999986,5.299999999999997,-5.300000000000001,-2.8999999999999915,3.200000000000003,8.399999999999999,-0.1999999999999957,0.8999999999999986,0.1000000000000014,-4.999999999999999,-4.300000000000001,9.400000000000006,-5.099999999999994,-11.0,11.0,3.200000000000003,-3.199999999999996,2.695999999999998,1.9979999999999905,1.100999999999999,0.2330000000000001,19.283,2.3999999999999915,-0.9000000000000057,0.121,0.002,11.228000000000002,4.7,-63,-144,33,-57,-188,0,181,-87,-148,206,-73,-200,-200,-73,-179,-206,-11,-44,4,231,-291,-89,-136,113,-116,121,-119,-163,-268,-124,-69,-229,-117,-50,-177,5,-62
0,1,7,Washington St,Drake,10,-1.9932000000000016,115,-3.017799999999994,166,-3.586999999999989,46,-2.1880000000000024,26,-0.832800000000006,-22,-3.688999999999993,-48,1.5016000000000016,-9,1.477000000000002,-2.047999999999988,-3.5249999999999915,0.028,0,-3,3,-9.090909090000013,-2.799999999999997,-3.700000000000003,-0.9000000000000021,1.7000000000000028,2.200000000000001,-1.4999999999999982,8.7,-2.800000000000012,2.799999999999997,-8.700000000000003,-2.0,-2.5,-5.0,-2.5,-1.0,7.699999999999999,-0.6000000000000005,-10.199999999999996,2.699999999999996,7.600000000000001,-7.600000000000001,7.799999999999997,-7.799999999999997,-2.879000000000005,2.936000000000007,1.6159999999999997,-0.062,14.742,-6.200000000000003,3.299999999999997,-0.0339999999999998,-0.0069999999999998,8.666,0.1999999999999999,-8,20,-53,-11,71,-172,30,53,97,120,-251,28,28,-251,117,68,-202,137,-56,-312,-19,221,23,-182,184,222,-224,160,-304,-160,13,-55,232,196,44,-15,-58
0,1,8,Florida Atlantic,Northwestern,9,4.431600000000003,-205,4.331699999999998,-204,5.209000000000003,-36,2.304000000000002,-14,-0.7600000000000051,-29,1.972999999999999,37,0.3302000000000014,-5,-3.714,0.0699999999999931,3.783999999999992,-0.056,1,4,-3,10.132575759999996,1.7999999999999972,-1.8999999999999984,4.899999999999999,-11.9,2.5,-2.3000000000000007,8.099999999999998,-1.0,1.0,-8.099999999999994,4.400000000000006,6.299999999999997,-1.0,-3.799999999999997,-2.299999999999997,-2.1000000000000005,-3.6000000000000005,-8.600000000000001,-20.800000000000004,-2.0,2.0,0.6000000000000014,-0.6000000000000014,4.228999999999999,-1.0349999999999966,-0.762999999999991,0.4579999999999997,-13.964000000000002,-2.799999999999997,0.7000000000000028,0.0509999999999999,-0.01,-10.433,-0.3,22,-2,70,23,-38,-115,-138,-264,88,143,-247,51,51,-247,-202,-194,-45,82,-156,120,-250,139,-338,56,-60,36,-39,-199,173,113,-85,41,109,50,-32,-34,56
1,1,1,Purdue,Montata St,16,4.374700000000004,-202,3.656999999999997,-167,7.293000000000006,-45,8.331000000000003,-26,-4.053000000000012,-108,-4.881999999999991,-51,13.212600000000002,-43,13.505,9.018,-4.487000000000009,0.0919999999999999,1,8,-7,22.253787880000004,2.799999999999997,-3.899999999999999,12.9,-16.4,3.1999999999999997,-4.800000000000001,11.7,3.5,-3.5,-11.699999999999996,4.400000000000006,3.5,-2.199999999999996,1.3999999999999986,-4.5,-0.3000000000000007,-4.300000000000001,4.899999999999999,-3.6000000000000014,1.7999999999999972,-1.7999999999999972,-0.3000000000000042,0.3000000000000042,3.9150000000000063,0.5110000000000099,2.618000000000009,-0.4419999999999999,17.064999999999998,-2.700000000000003,0.4000000000000057,0.0739999999999998,-0.0449999999999999,5.206,9.5,-26,-23,-46,-28,-51,-201,-254,-307,145,268,-279,-114,-114,-279,-202,-140,-100,-5,-268,18,-263,-16,-46,-52,51,-13,13,-175,-61,-109,136,-35,107,31,-42,-119,-32
1,1,2,Tennessee,Saint Peters,15,5.354099999999988,-272,5.248099999999994,-259,13.105599999999995,-249,18.4328,-276,-0.5142999999999915,-4,-9.860100000000005,-73,28.29262,-180,27.708,18.80300000000001,-8.905000000000001,0.5339999999999999,1,6,-5,16.93548387,6.5,-1.2000000000000028,-3.800000000000004,-6.5,-5.000000000000002,-1.400000000000002,-2.700000000000003,0.8000000000000114,-0.7999999999999972,2.6999999999999886,5.199999999999989,9.200000000000005,-2.1000000000000014,0.3000000000000042,-0.1000000000000014,0.7999999999999989,-2.6,12.200000000000005,-0.2000000000000028,-10.200000000000005,10.199999999999996,-6.899999999999999,6.899999999999999,5.229999999999997,-0.6280000000000001,0.6710000000000065,0.4650000000000001,54.636,3.0,0.2000000000000028,0.133,-0.002,24.673,14.6,-199,-281,-79,-201,-209,-15,81,-76,-283,34,50,-41,-41,50,-266,-232,-25,-17,-5,-9,-203,-196,-4,238,-238,-230,229,-259,107,-105,-151,-245,-125,19,-250,-2,-312
1,1,3,Creighton,Akron,14,1.2006999999999977,-61,1.136400000000009,-61,8.524000000000001,-104,13.081999999999994,-150,0.9074000000000098,19,-5.380800000000008,-73,18.46221,-105,20.66,15.566999999999991,-5.093000000000004,0.3330000000000001,0,1,-1,3.125,5.5,-2.200000000000003,-9.1,-12.8,-1.8999999999999984,-5.400000000000002,-3.6000000000000014,1.0,-1.0,3.5999999999999943,1.2999999999999972,5.800000000000004,-5.0,4.100000000000001,2.200000000000003,0.5999999999999996,1.2999999999999998,10.4,-4.5,-7.399999999999999,7.399999999999999,9.599999999999994,-9.599999999999998,1.2490000000000094,1.7240000000000038,2.600999999999999,-0.262,41.914,5.699999999999989,9.299999999999995,0.084,0.0099999999999998,21.298,8.9,-121,-164,-76,-121,-103,-60,198,-87,-126,156,133,-31,-31,133,-63,-28,-176,-216,68,-40,103,-206,-40,64,-64,161,-165,-63,-224,-194,67,-128,-151,315,-104,19,-227
0,1,4,Kansas,Samford,13,-4.152299999999997,95,-3.5387000000000057,78,-6.700999999999993,108,0.2990000000000066,-4,-1.751800000000003,-41,-9.1344,-106,9.43332,-59,11.505999999999998,1.8070000000000024,-9.698999999999998,0.179,-1,-6,5,-16.633064520000005,-3.5,-2.3999999999999986,-3.6000000000000014,-8.5,-1.7000000000000028,-4.899999999999999,-4.899999999999999,5.599999999999994,-5.600000000000001,4.900000000000006,-4.1000000000000085,-0.7000000000000028,-4.200000000000003,-6.0,-0.1000000000000014,0.4000000000000003,-3.6,9.1,-2.3999999999999986,11.199999999999996,-11.2,-1.0,1.0,-3.6869999999999976,3.105000000000004,3.0160000000000053,0.0059999999999997,49.38,0.3000000000000113,0.8000000000000114,-0.0709999999999999,-0.0199999999999999,25.895,4.23,-69,-15,-119,-73,48,-110,95,-205,-119,172,162,-244,-244,162,101,9,-129,203,-11,-21,-263,-42,-66,-247,246,-18,21,81,-342,-262,-3,-140,-17,33,111,-41,-258
1,1,5,Gonzaga,McNeese,12,-3.969300000000004,89,-3.385300000000001,69,5.763000000000005,-23,7.9140000000000015,-60,-1.279500000000013,-30,-3.858099999999993,-70,11.77182,-66,13.296,9.492000000000004,-3.804000000000002,0.183,-1,-3,2,-6.955645160000003,-0.1999999999999957,-2.700000000000003,-4.899999999999999,-11.2,-4.100000000000001,-5.199999999999999,3.099999999999998,4.799999999999997,-4.800000000000001,-3.0999999999999943,-3.9000000000000057,2.799999999999997,-4.399999999999999,-3.799999999999997,0.1000000000000014,-0.5999999999999996,-4.199999999999999,-5.299999999999997,-5.299999999999997,9.499999999999991,-9.5,3.200000000000003,-3.200000000000003,-3.494,1.9000000000000057,1.671999999999997,-0.256,57.168,0.0,3.6000000000000085,0.054,-0.0149999999999999,12.479,2.43,-74,-59,-76,-75,1,-119,140,-261,-245,195,-76,-213,-213,-76,90,-15,-131,87,16,33,-275,92,-142,-222,220,111,-107,73,-256,-215,80,-149,0,201,-21,-34,-174
0,1,6,South Carolina,Oregon,11,-3.8799000000000063,183,-4.2890000000000015,157,1.2890000000000017,-29,0.6989999999999981,-4,-1.4350000000000025,-47,-0.9355000000000048,-16,1.6340000000000003,-6,1.805,1.0999999999999943,-0.7049999999999983,0.027,-1,3,-4,11.140819969999995,-1.0,-3.5,-0.4999999999999964,-1.9999999999999964,0.6999999999999993,-2.9999999999999982,4.400000000000002,-0.9000000000000057,0.8999999999999986,-4.399999999999992,-3.899999999999992,-1.6000000000000014,-4.800000000000004,-0.1000000000000014,-0.6999999999999957,-1.6000000000000014,4.1,9.5,-2.8000000000000043,-4.299999999999997,4.299999999999997,5.0,-5.000000000000004,-4.128999999999998,0.6730000000000018,-0.0120000000000004,0.2729999999999999,-4.402999999999999,-0.0999999999999943,0.7999999999999972,0.0109999999999998,-0.0170000000000001,-0.0509999999999983,3.3000000000000003,-10,-11,-16,-10,49,-185,17,-60,27,187,-121,34,34,-121,175,67,-191,5,-64,78,169,-154,-67,114,-114,108,-109,154,-113,2,-82,4,10,53,-22,-50,2
0,1,7,Texas,Colorado St,10,1.6987999999999914,-87,1.356499999999997,-74,-0.1779999999999972,2,3.1439999999999912,-23,-0.8689999999999998,-20,1.3430000000000035,23,1.8007000000000026,-11,5.095000000000001,5.221000000000004,0.1260000000000047,0.055,0,-2,2,-6.25,-0.8999999999999986,-0.2999999999999971,-2.200000000000003,3.1999999999999997,1.8000000000000007,1.7000000000000028,6.199999999999999,-2.5,2.5,-6.200000000000003,1.7000000000000028,-4.200000000000003,-1.1000000000000014,2.8999999999999986,0.7999999999999972,3.6,0.4000000000000003,-9.200000000000005,-1.6000000000000014,3.3999999999999915,-3.3999999999999986,1.5999999999999943,-1.6000000000000014,1.3259999999999934,0.088000000000008,1.5480000000000018,-0.29,28.773000000000003,0.2999999999999971,-2.299999999999997,-0.0029999999999998,-0.0090000000000001,6.665999999999997,-0.3,-24,-31,2,-24,17,-17,65,92,109,-102,-191,116,116,-191,-83,54,-40,-159,49,-182,42,54,-40,-98,95,30,-31,-73,-10,-199,75,-70,-10,-132,4,-22,-57
1,1,7,Texas,Virginia,10,6.928299999999993,-167,7.248599999999996,-166,9.144000000000004,-182,13.104,-175,6.1714000000000055,95,6.775300000000001,54,6.328200000000001,-42,8.107000000000001,14.402,6.295000000000002,0.086,-1,-3,2,-7.196969699999997,4.400000000000006,2.799999999999997,5.299999999999997,9.3,3.400000000000002,-0.6999999999999993,4.5,-1.9000000000000057,1.8999999999999984,-4.5,6.900000000000006,6.600000000000001,0.7999999999999972,-0.1999999999999957,4.399999999999999,-4.200000000000001,0.3000000000000007,-6.899999999999999,-5.0,-2.200000000000003,2.199999999999996,7.499999999999993,-7.5,7.181999999999995,-1.168999999999997,-0.11099999999999,0.6519999999999999,-10.650999999999996,12.0,-3.0999999999999943,0.0910000000000001,0.0589999999999999,8.102999999999998,0.0,-41,-172,37,-37,-196,82,-97,224,153,31,-159,89,89,-159,-160,-246,20,13,228,52,27,49,-131,45,-45,238,-240,-167,190,11,-204,28,-310,-154,-185,90,-64
0,1,8,Utah St,TCU,9,-1.5498999999999938,74,-1.1332000000000022,44,2.515999999999991,-41,0.5160000000000053,-5,2.1577999999999946,44,2.6931999999999903,37,-2.1776000000000018,15,-3.606,-0.3499999999999943,3.256,-0.054,-2,4,-6,17.008797650000005,2.200000000000003,-0.6999999999999957,4.899999999999999,-5.300000000000004,-2.1999999999999997,-4.400000000000002,-7.0,3.1999999999999886,-3.200000000000003,7.0,-1.5,5.899999999999999,2.200000000000003,-3.5,-3.799999999999997,0.9000000000000004,-2.799999999999999,-3.1000000000000014,-7.399999999999999,-3.200000000000003,3.1999999999999997,-1.5,1.5,-1.378999999999991,-0.8009999999999877,-0.0649999999999977,-0.8320000000000001,-31.794,-1.7999999999999972,2.0999999999999943,0.0189999999999999,0.026,-10.075,2.0,21,4,56,25,-70,-45,-93,-139,-151,201,172,-122,-122,172,77,-136,97,184,-114,-47,-133,37,-177,45,-45,-58,65,55,103,8,202,76,92,118,-27,54,63
1,1,1,Houston,Longwood,16,-3.734499999999997,136,-3.4938,121,5.739000000000004,-98,13.155999999999992,-171,-13.088899999999995,-80,-17.603800000000007,-144,30.759390000000003,-155,34.564,15.254999999999995,-19.309,0.503,3,12,-9,30.170777990000005,0.3000000000000042,-7.299999999999997,-9.6,2.8999999999999986,-4.300000000000001,5.099999999999998,0.1999999999999957,-4.700000000000003,4.699999999999999,-0.1999999999999957,-3.799999999999997,-0.2000000000000028,-7.5,0.5,-4.600000000000001,8.900000000000002,0.2000000000000001,1.1000000000000014,10.900000000000006,-8.300000000000004,8.3,-1.3999999999999986,1.3999999999999986,-3.4819999999999998,-1.1779999999999973,-0.8979999999999961,-0.0430000000000001,46.022,0.6000000000000085,-3.0999999999999943,0.0619999999999998,-0.1279999999999999,24.77,19.2,-169,-187,-166,-169,-12,-231,232,38,-238,-43,-1,183,183,-1,137,5,-203,-23,-224,-286,10,-37,214,145,-147,-37,35,129,154,95,12,-123,-10,-74,-107,-75,-298
1,1,2,Marquette,Western Kentucky,15,-6.091899999999995,122,-6.166899999999998,90,7.506,-142,12.74199999999999,-170,2.0822000000000003,35,-6.931400000000011,-84,19.67427,-120,20.924,13.724000000000004,-7.200000000000003,0.3400000000000001,4,6,-2,10.19607843,3.200000000000003,1.4000000000000057,-7.299999999999997,-5.199999999999999,-4.0,2.5,-2.5,-4.099999999999994,4.100000000000001,2.5,-6.1000000000000085,3.899999999999999,0.9000000000000057,1.3999999999999986,1.3999999999999986,1.3000000000000007,-1.299999999999999,9.799999999999995,11.1,-9.5,9.5,-3.0,3.0,-5.994000000000014,0.7600000000000051,1.6440000000000057,-0.5399999999999998,24.818000000000005,-0.4000000000000057,6.799999999999997,0.0769999999999999,0.017,27.194000000000003,13.1,-124,-156,-91,-124,-90,65,167,-137,-246,-63,87,191,191,87,124,-88,39,-78,77,-65,-116,-227,234,220,-219,-58,57,85,-97,-167,168,-52,15,314,-147,28,-297
1,1,3,Kentucky,Oakland,14,5.890000000000001,-190,5.973100000000002,-221,8.554000000000002,-65,14.149,-130,0.4949999999999903,15,-3.0519999999999925,-57,17.20057,-118,17.592999999999996,15.191999999999991,-2.400999999999996,0.308,-2,0,-2,4.227941180000002,5.299999999999997,-1.1000000000000014,-0.5,6.599999999999998,-2.0,-0.3000000000000007,-1.7000000000000028,-1.6000000000000083,1.599999999999998,1.6999999999999886,5.899999999999992,2.9000000000000057,-0.7000000000000028,6.100000000000001,-1.2999999999999972,8.200000000000001,0.9000000000000004,1.3000000000000045,-10.5,3.5,-3.5,0.8000000000000043,-0.8000000000000043,5.73599999999999,2.3190000000000026,3.1599999999999966,-1.5890000000000002,66.69699999999999,1.5,-1.5,0.0899999999999998,0.0110000000000001,14.111,7.1,-117,-126,-40,-111,-95,-67,13,168,-95,24,57,70,70,57,-194,-83,-30,-118,-78,-253,73,-26,-143,-94,94,14,-13,-209,-283,-320,337,-200,-20,-92,-71,27,-103
1,1,4,Duke,Vermont,13,2.249500000000012,-102,3.4450999999999965,-118,10.695999999999998,-118,14.704999999999998,-152,2.251500000000007,22,-3.1948000000000008,-36,17.8995,-96,18.129,16.274,-1.855000000000004,0.268,0,-2,2,-6.25,3.4000000000000057,2.299999999999997,4.099999999999998,1.7000000000000028,0.5,1.799999999999999,9.400000000000002,-2.6000000000000085,2.599999999999998,-9.399999999999991,2.200000000000003,1.2999999999999972,2.700000000000003,4.200000000000003,1.1000000000000014,-1.0999999999999996,1.200000000000001,1.6999999999999955,7.5,6.700000000000003,-6.700000000000003,1.0,-1.0,3.5560000000000045,1.323999999999998,3.0010000000000048,-1.1570000000000005,87.337,-0.0999999999999943,-3.5,0.1039999999999998,0.025,16.747999999999998,4.5,-101,-182,-22,-99,-99,69,-120,29,18,-119,-257,49,49,-257,-101,-34,87,-185,52,66,50,-38,154,-146,148,35,-35,-133,-182,-290,263,-252,6,-194,-122,27,-218
1,1,5,Wisconsin,James Madison,12,-5.355900000000005,265,-4.3215,236,-2.216000000000008,14,6.201999999999998,-43,8.217500000000001,165,-1.497799999999998,-32,7.700200000000001,-42,9.473999999999998,7.876000000000005,-1.597999999999999,0.124,2,-8,10,-28.05194805,-2.0,5.5,-0.7000000000000028,-1.8999999999999984,-0.0999999999999996,-2.900000000000002,-1.5,3.0999999999999943,-3.1000000000000014,1.5,-5.299999999999997,-1.6000000000000014,1.6000000000000014,-1.7000000000000028,8.5,-3.1,1.799999999999999,-6.599999999999994,5.200000000000003,2.699999999999996,-2.700000000000003,0.6999999999999886,-0.7000000000000028,-4.804000000000002,1.1559999999999917,2.2079999999999984,-0.4539999999999999,48.363,5.400000000000006,-0.5999999999999943,-0.0229999999999999,0.087,27.696,1.7999999999999998,-49,-51,-34,-50,48,250,22,-50,-3,143,36,-92,-92,36,263,52,72,96,344,88,133,165,76,-69,67,15,-18,250,-129,-211,137,-206,-218,-34,18,176,-316
0,1,6,Texas Tech,North Carolina St,11,-1.690000000000012,110,-1.4191000000000005,97,2.2369999999999948,-39,3.5579999999999927,-24,-1.9269999999999925,-59,-1.930499999999995,-44,5.4888,-34,6.244,3.558000000000007,-2.686000000000007,0.0869999999999999,-3,1,-4,8.585858589999994,2.0999999999999943,-1.3999999999999986,2.1000000000000014,-5.299999999999997,2.8000000000000007,-0.8999999999999986,1.599999999999998,-1.0,1.0,-1.6000000000000083,-1.7000000000000028,1.3999999999999986,0.1000000000000014,1.8999999999999984,-2.799999999999997,-2.3000000000000007,2.3999999999999995,9.799999999999995,-1.6000000000000014,-7.600000000000001,7.600000000000001,-3.700000000000003,3.700000000000003,-1.4590000000000032,-0.6200000000000045,-0.8260000000000076,-0.3239999999999998,1.536999999999999,4.399999999999992,-2.200000000000003,0.022,-0.0169999999999999,3.647999999999996,4.0,-32,-26,-51,-36,-105,-86,-61,-126,142,52,-56,42,42,-56,108,-56,2,-104,-175,130,197,-211,-50,198,-198,-146,142,98,106,126,102,-5,-98,-137,-40,-51,-28
0,1,7,Florida,Boise St,10,6.359399999999994,-262,4.884299999999996,-203,3.5530000000000115,-38,5.342999999999989,-38,4.796999999999997,125,3.5398,54,1.8037000000000027,-10,4.131,5.63300000000001,1.5019999999999951,0.041,5,4,1,1.904761899999997,-0.1000000000000014,-1.0,2.5,1.1000000000000014,-0.6999999999999993,-2.3000000000000007,5.0,-5.800000000000011,5.799999999999997,-5.0,6.400000000000006,0.5,-3.1000000000000014,-0.5999999999999943,1.6000000000000014,5.199999999999999,-1.700000000000001,3.3000000000000043,-6.5,5.299999999999997,-5.299999999999997,4.199999999999996,-4.199999999999996,4.956000000000003,0.1829999999999927,2.433999999999997,-0.3400000000000001,11.182000000000002,-2.799999999999997,-1.6000000000000083,0.0399999999999998,0.046,3.599999999999998,2.1,-18,-32,32,-17,11,-58,-49,26,-57,131,-66,167,167,-66,-263,-25,-143,27,58,-259,-99,-78,-91,-146,145,131,-135,-215,-11,-168,113,-36,128,-99,-49,122,-34
0,1,7,Florida,Colorado,10,3.8748999999999967,-121,4.1828,-147,1.1129999999999995,-8,1.7379999999999995,-11,3.719999999999999,105,2.016300000000001,41,-0.2781999999999982,3,1.1799999999999995,2.4650000000000034,1.2849999999999966,0.009,1,0,1,-2.0168067200000053,-3.799999999999997,-0.5,3.3000000000000043,6.100000000000001,-2.3000000000000007,-0.6999999999999993,5.100000000000001,-4.900000000000006,4.899999999999999,-5.099999999999994,3.9000000000000057,-1.8999999999999984,-1.1000000000000014,-5.199999999999996,0.3000000000000042,6.6,0.2999999999999989,-5.899999999999999,-2.299999999999997,-4.099999999999994,4.100000000000001,2.5999999999999943,-2.5999999999999943,3.887000000000001,-0.2030000000000029,1.0339999999999918,-0.4930000000000001,-8.799999999999997,-6.599999999999994,-0.1000000000000085,0.0109999999999998,0.038,5.210000000000001,1.3,-4,-11,30,-3,121,-29,-66,156,-167,23,-68,160,160,-68,-126,68,-53,157,15,-303,28,121,-19,64,-65,60,-64,-140,4,-26,160,25,207,-10,-9,109,-44
1,1,8,Nebraska,Texas A&M,9,1.8155,-124,2.7674999999999983,-166,0.1880000000000024,-3,-0.1299999999999954,5,-4.221000000000004,-108,-2.214099999999988,-27,2.083199999999998,-16,4.0070000000000014,0.6670000000000016,-3.3400000000000034,0.05,-1,3,-4,10.873440289999998,7.800000000000004,-3.800000000000004,-5.800000000000004,-3.5,1.700000000000001,-0.5,-14.099999999999998,-2.0,2.0,14.1,1.8999999999999917,5.799999999999997,-4.299999999999997,7.399999999999999,-2.0,-1.7000000000000002,-2.799999999999999,12.6,-7.399999999999999,-6.399999999999999,6.399999999999999,3.199999999999996,-3.199999999999996,3.0999999999999943,0.289999999999992,0.6490000000000009,0.0370000000000003,-27.376,4.5,-0.7999999999999972,0.0030000000000001,-0.0450000000000001,-4.254000000000001,2.15,-19,-5,-34,-21,-281,-149,142,-81,75,39,218,94,94,218,-129,-224,-130,-279,-115,98,-64,-266,-115,129,-129,37,-38,-181,-39,-101,-9,62,-181,-42,-11,-114,33
1,1,1,North Carolina,Howard,16,2.293599999999998,-90,2.9102000000000032,-122,7.088999999999999,-119,12.307000000000002,-168,-9.4217,-212,-20.601,-328,32.90821,-267,31.997,12.314000000000007,-19.682999999999996,0.6400000000000001,2,11,-9,29.41176471,-0.7000000000000028,-4.5,-5.400000000000006,-10.8,-6.999999999999998,-1.799999999999999,-0.6000000000000014,7.200000000000003,-7.199999999999999,0.6000000000000085,2.200000000000003,1.0999999999999943,-4.799999999999997,-2.1000000000000014,-2.6000000000000014,2.6999999999999997,-1.3000000000000007,-3.799999999999997,-6.299999999999997,2.999999999999993,-3.0,-2.8999999999999986,2.8999999999999986,2.683999999999997,0.7330000000000041,1.768000000000001,-0.02,57.091,0.4000000000000057,4.300000000000011,0.0719999999999998,-0.092,22.285,18.7,-260,-166,-327,-260,39,-188,68,-237,-320,113,17,-256,-256,17,-88,-58,-177,82,-151,-147,-83,79,-72,-86,85,-78,80,-115,-134,-229,5,-92,-11,239,-120,-213,-299
1,1,2,Arizona,Long Beach St,15,1.5553000000000026,-25,0.6744000000000057,-13,11.441000000000004,-145,13.268,-137,-8.288399999999996,-169,-13.360699999999994,-198,26.62826917,-157,30.468,16.131,-14.337000000000003,0.522,0,6,-6,18.181818179999997,6.100000000000001,-2.5,-1.3999999999999986,-6.900000000000002,-1.0,-0.3999999999999986,3.0,6.5,-6.5,-3.0,1.5,4.899999999999999,-2.200000000000003,5.800000000000001,-1.7000000000000028,-3.6,2.6999999999999997,4.0,-6.399999999999999,-4.299999999999997,4.300000000000001,5.399999999999999,-5.399999999999999,0.6380000000000052,0.9320000000000022,1.1170000000000044,-0.2570000000000001,65.168,0.9000000000000057,-1.3000000000000114,0.1199999999999998,-0.0819999999999999,17.328000000000003,12.9,-188,-167,-221,-186,-232,-139,29,-160,-77,18,-37,-205,-205,-37,-24,-176,-96,-284,-115,152,118,-47,-106,52,-54,131,-126,-7,-124,-106,78,-166,-36,-85,-160,-166,-175
1,1,3,Baylor,Colgate,14,0.7275999999999954,-32,-0.6192999999999955,28,10.906000000000006,-136,17.83999999999999,-205,7.309799999999996,141,-2.3149999999999977,-40,20.15491,-131,21.864,19.92,-1.9439999999999884,0.397,-1,-2,1,-3.977272729999996,2.200000000000003,4.099999999999994,12.9,6.399999999999999,1.3999999999999986,1.0,10.1,-2.5999999999999943,2.6000000000000014,-10.099999999999994,0.7000000000000028,0.1000000000000014,3.199999999999996,3.699999999999996,3.6000000000000014,-1.3000000000000007,2.500000000000001,-2.700000000000003,0.0,0.0,0.0,4.100000000000001,-4.100000000000001,-0.4590000000000032,0.331000000000003,0.4740000000000037,-0.2849999999999999,58.236,6.0,6.0,0.1089999999999999,0.074,26.712000000000003,9.2,-144,-220,-33,-142,-39,200,-297,119,90,-83,-273,77,77,-273,-31,-4,147,-76,142,65,193,37,0,0,0,152,-154,18,-29,-26,90,-328,-218,249,-141,139,-267
1,1,4,Alabama,Charleston,13,8.047299999999993,-295,6.423600000000008,-244,15.356000000000009,-149,20.950999999999997,-209,11.174800000000005,238,0.617999999999995,8,20.33271,-132,22.669,22.870000000000005,0.2010000000000076,0.4,-1,-3,2,-7.102272729999996,2.8999999999999986,2.699999999999996,7.600000000000001,15.1,-0.3000000000000007,-0.5000000000000018,9.9,-5.400000000000006,5.399999999999999,-9.900000000000006,8.100000000000009,4.300000000000004,2.3999999999999986,0.7999999999999972,2.0,0.3999999999999986,5.2,-5.100000000000001,-7.799999999999997,-8.5,8.5,2.8999999999999986,-2.8999999999999986,6.313000000000002,0.2849999999999966,1.2070000000000078,0.1919999999999999,27.636,10.400000000000006,7.299999999999997,0.151,0.1160000000000001,25.064,7.5,-146,-222,8,-144,-44,116,-203,306,-26,31,-271,199,199,-271,-297,-58,115,-42,55,-26,309,94,-200,132,-134,107,-102,-243,-27,-40,-58,-256,-305,309,-154,247,-261
0,1,5,Saint Marys,Grand Canyon,12,-5.982900000000001,233,-6.163000000000004,224,2.175000000000012,-19,1.4230000000000018,-18,-2.150900000000007,-3,-4.550600000000003,-35,5.9742000000000015,-33,10.901,4.727999999999994,-6.173000000000002,0.147,0,-3,3,-9.375,1.1000000000000014,-0.7999999999999972,-16.999999999999996,-2.5999999999999943,-1.8000000000000007,-3.1999999999999997,4.399999999999999,7.199999999999989,-7.200000000000003,-4.400000000000006,-6.0,0.7000000000000028,-0.7999999999999972,1.1000000000000014,-0.2000000000000028,-3.4000000000000004,0.3000000000000007,13.099999999999994,-0.2999999999999971,-0.6000000000000014,0.6000000000000014,4.599999999999994,-4.600000000000001,-5.974000000000004,0.3980000000000103,0.8370000000000033,-0.6889999999999998,23.72,-7.899999999999991,0.2999999999999971,0.02,-0.0229999999999999,8.264999999999999,0.0999999999999998,-54,-49,-63,-58,-39,-6,299,-72,-126,159,-27,-210,-210,-27,229,-22,-5,-57,-15,108,15,-260,-8,13,-14,48,-48,219,-25,-77,187,-82,266,17,-19,-3,-160
1,1,6,Clemson,New Mexico,11,-4.844200000000001,211,-6.574700000000007,252,1.0120000000000005,-12,2.015000000000001,-14,6.61160000000001,149,4.015200000000007,44,-1.9997000000000007,11,-1.9569999999999967,1.8880000000000048,3.844999999999999,-0.028,-2,-4,2,-7.904411760000002,2.8999999999999986,0.7000000000000028,-2.5,-2.3000000000000007,1.0,-5.9,-5.699999999999999,1.7999999999999972,-1.8000000000000007,5.700000000000003,-4.800000000000011,3.0,-2.1000000000000014,2.0,3.3999999999999986,-2.3000000000000007,-2.8,4.100000000000001,-10.1,-10.400000000000006,10.400000000000002,-4.0,4.0,-6.578000000000003,1.253,0.5960000000000036,0.367,8.558000000000007,7.200000000000003,0.4000000000000057,0.0110000000000001,0.068,4.824000000000002,-0.7999999999999999,8,-12,46,9,-111,20,78,-71,38,294,170,-61,-61,170,215,-97,-76,-108,174,49,-195,-99,-235,229,-229,-139,134,250,-166,-45,-113,-22,-190,12,-13,149,-25
0,1,7,Dayton,Nevada,10,-2.4894000000000034,83,-2.4673000000000087,104,2.146000000000001,-17,3.051000000000002,-22,2.1539999999999964,45,2.5682000000000045,51,0.4834999999999994,-4,-0.2349999999999994,2.376999999999996,2.612000000000009,-0.008,-1,-1,0,-0.7056451600000031,3.3000000000000043,-0.3000000000000042,-9.0,-12.499999999999996,0.8000000000000007,-1.6000000000000014,-0.6000000000000014,-1.7999999999999972,1.8000000000000007,0.5999999999999943,-2.4000000000000057,1.1000000000000014,-0.8999999999999986,3.700000000000003,0.3999999999999986,0.1000000000000014,3.3,0.1999999999999957,-4.199999999999996,-10.900000000000006,10.9,0.6000000000000014,-0.6000000000000014,-2.776999999999994,-0.9879999999999995,0.4969999999999999,-0.2309999999999998,4.879000000000001,1.1000000000000083,3.5999999999999943,0.0250000000000001,0.0210000000000001,0.1999999999999993,-0.1,3,-14,53,3,-51,-15,69,-224,37,123,24,79,79,24,81,-42,-38,-38,15,-6,230,-2,-106,245,-245,12,-15,114,147,-61,71,-16,-55,210,-20,45,-1
1,1,8,Mississippi St,Michigan St,9,2.502299999999991,-139,1.861399999999989,-103,-1.4209999999999925,25,-0.0820000000000078,3,0.6813999999999965,19,1.9688000000000017,12,-2.051399999999997,12,-1.7579999999999991,-0.1059999999999945,1.652000000000001,-0.021,1,2,-1,4.1889483,0.2000000000000028,-0.2999999999999971,8.0,-0.2000000000000028,4.0,-0.5,5.5,1.1000000000000083,-1.099999999999998,-5.5,2.5,2.8999999999999986,3.1000000000000014,-3.3999999999999986,-3.3999999999999986,-2.9000000000000004,2.8999999999999995,-7.200000000000003,-6.600000000000001,-8.0,8.000000000000004,0.1999999999999957,-0.1999999999999957,1.8870000000000005,-0.3780000000000001,-0.0960000000000036,0.1710000000000002,-24.129999999999995,-3.3999999999999915,3.6999999999999886,-0.016,0.01,-2.0419999999999945,0.5900000000000001,5,1,10,7,-15,-13,-207,-10,248,30,-119,-55,-55,-119,-141,-105,125,182,-111,134,225,99,-166,172,-170,7,-3,-106,71,7,-52,53,73,188,23,20,18
