YEAR,CONF,CONF ID,QUAD NO,QUAD ID,TEAM NO,TEAM ID,TEAM,SEED,ROUND,K TEMPO,K TEMPO RANK,KADJ T,KADJ T RANK,K OFF,KO RANK,KADJ O,KADJ O RANK,K DEF,KD RANK,KADJ D,KADJ D RANK,KADJ EM,KADJ EM RANK,BADJ EM,BADJ O,BADJ D,BARTHAG,GAMES,W,L,WIN%,EFG%,EFG%D,FTR,FTRD,TOV%,TOV%D,OREB%,DREB%,OP OREB%,OP DREB%,RAW T,2PT%,2PT%D,3PT%,3PT%D,BLK%,BLKED%,AST%,OP AST%,2PTR,3PTR,2PTRD,3PTRD,BADJ T,AVG HGT,EFF HGT,EXP,TALENT,FT%,OP FT%,PPPO,PPPD,ELITE SOS,WAB,BADJ EM RANK,BADJ O RANK,BADJ D RANK,BARTHAG RANK,EFG% RANK,EFGD% RANK,FTR RANK,FTRD RANK,TOV% RANK,TOV%D RANK,OREB% RANK,DREB% RANK,OP OREB% RANK,OP DREB% RANK,RAW T RANK,2PT% RANK,2PT%D RANK,3PT% RANK,3PT%D RANK,BLK% RANK,BLKED% RANK,AST% RANK,OP AST% RANK,2PTR RANK,3PTR RANK,2PTRD RANK,3PTRD RANK,BADJT RANK,AVG HGT RANK,EFF HGT RANK,EXP RANK,TALENT RANK,FT% RANK,OP FT% RANK,PPPO RANK,PPPD RANK,ELITE SOS RANK
2022,MAC,17,55,3,943,2,Akron,13,64,63.8375,344,62.0745,351,107.883,52,106.151,113,99.9619,131,102.661,166,3.48951,131,2.1,104.8,102.7,0.558,31,22,9,70.96774,52.8,49.3,40.1,26.2,17.7,17.6,29.1,73.7,26.3,70.9,63.8,52.4,47.8,35.6,34.7,8.7,7.2,48.8,40.3,58.3,41.7,64.7,35.3,63,76.279,80.08,1.974,14.226,69.2,70.3,1.082,1.002,9.639,-4.3,146,117,194,147,60,144,5,74,127,227,146,104,104,146,344,74,103,74,244,175,51,232,9,267,93,263,102,352,281,143,191,148,271,102,50,140,310
2022,SEC,28,56,4,942,3,Alabama,6,64,73.3157,10,71.7144,12,109.137,37,116.098,14,104.116,238,98.7358,94,17.3625,25,17.8,115.9,98.1,0.872,32,19,13,59.375,51.5,49.4,33.6,35.2,19.8,17.7,35.5,69.3,30.7,64.5,73.3,56.3,49.3,30.8,33.1,11.9,11.5,52.9,46.2,52,48,64.1,35.9,72.8,77.122,79.948,1.646,62.2,73,71.2,1.087,1.039,34.827,2,19,13,101,25,109,152,79,292,271,224,12,282,282,12,10,11,160,307,150,51,333,125,69,347,12,242,120,12,145,169,282,29,136,158,41,235,11
2022,P12,24,54,2,941,8,Arizona,1,16,72.9192,13,72.1752,8,115.613,6,119.64,5,92.5195,14,92.431,20,27.2089,2,25.6,118,92.4,0.943,34,31,3,91.17647,55.9,44.4,35.1,22.8,18,17.7,34.5,71.7,28.3,65.5,72.9,57.5,41.9,35.4,32.7,13.4,7,65.4,46.8,64.3,35.7,65.5,34.5,73.4,79.442,83.03,1.191,69.26,73.8,67,1.155,0.922,24.936,8.8,6,7,21,7,11,9,58,20,146,224,17,191,191,17,14,5,3,78,128,27,38,1,81,130,232,283,80,8,2,1,348,17,104,13,6,10,74
2022,SEC,28,56,4,940,10,Arkansas,4,8,72.0273,28,70.59,28,106.057,83,111.072,40,94.3928,28,92.0511,17,19.0214,20,17.4,109.4,92,0.88,33,25,8,75.75758,49.2,47.5,37.9,32.3,17.4,20.6,30.9,74.2,25.8,69.1,72,50.9,46.4,30.7,32.8,11.9,8.7,52.9,54.4,65.7,34.3,60.8,39.2,71.7,76.757,79.641,2.292,47.294,75.3,73.2,1.06,0.945,27.25,4.5,23,52,18,21,221,67,23,239,114,62,85,76,76,85,29,130,48,314,131,51,162,125,273,102,259,126,233,28,204,210,89,58,60,262,84,30,56
2022,SEC,28,53,1,939,12,Auburn,2,32,71.398,41,70.0205,40,108.347,47,113.602,24,92.1279,11,89.1491,8,24.453,10,23.1,112.7,89.6,0.933,32,27,5,84.375,50.3,44.1,31.6,34.8,16.7,20.7,33.2,70.7,29.3,66.8,71.4,51.9,42.6,32,31.2,20.9,10.1,52,48.8,60.1,39.9,63.7,36.3,71,77.548,82.667,1.348,61.608,73.3,72.9,1.085,0.924,27.557,7.4,14,23,10,13,163,8,137,288,66,55,41,230,230,41,41,94,4,263,60,1,277,149,126,238,122,231,130,48,85,4,333,30,121,253,45,13,51
2022,B12,7,55,3,938,14,Baylor,1,32,68.5501,149,67.2084,169,111.13,22,117.874,9,92.7023,15,91.5538,14,26.3204,5,26.8,117.5,90.7,0.952,32,26,6,81.25,52.9,47.8,28.5,26.9,18.2,22.9,36.3,71.6,28.4,63.7,68.5,53.5,49.5,34.6,29.9,9.6,7.3,56.1,55.5,62.3,37.7,64.1,35.9,68.6,77.617,81.058,1.781,55.889,69.8,70.1,1.112,0.925,35.472,8.9,4,8,14,3,56,79,236,90,169,16,7,198,198,7,156,47,165,115,21,136,59,60,300,186,177,242,120,147,78,51,247,39,239,94,22,15,9
2022,MWC,20,56,4,937,17,Boise St,8,64,64.907,332,64.6171,305,103.572,142,108.443,76,92.8519,16,92.0306,16,16.412,26,15,106.9,91.9,0.851,33,26,7,78.78788,51.1,48.2,35.2,25.8,18.5,20.1,30.6,78.1,21.9,69.4,64.9,51.1,48,34.1,32.4,9.8,8.9,46.8,43.3,61.4,38.6,66.8,33.2,65.7,78.468,80.519,2.402,32.117,65,72.1,1.038,0.928,21.555,3.5,35,83,17,34,126,98,56,64,192,82,98,6,6,98,332,123,111,155,109,125,187,278,29,207,155,316,44,309,15,91,56,87,346,199,135,17,99
2022,NEC,21,0,0,936,21,Bryant,16,68,72.1918,24,72.1799,7,105.275,106,104.211,154,100.608,145,105.162,218,-0.95048,183,-1.5,102.7,104.2,0.458,30,21,9,70,49.7,47.4,32.7,24.4,19.1,16.5,33,68.4,31.6,67,72.2,52.6,47,30.7,32.1,9.6,12.7,50.6,54.1,56.3,43.7,66.5,33.5,73.1,76.94,78.679,2.521,3.998,73.4,68,1.051,1.009,9.639,-4.8,186,163,227,185,193,60,105,42,227,291,43,314,314,43,24,67,69,314,90,136,349,177,261,315,44,309,51,9,171,328,30,257,116,30,110,158,310
2022,BW,11,56,4,935,28,Cal St Fullerton,15,64,66.5151,267,65.9926,239,103.807,135,104.656,144,99.3304,115,102.553,164,2.10306,149,-1.2,102,103.2,0.466,29,19,10,65.51724,49.2,50.8,35.7,26.1,18.1,20.2,29,72,28,71,66.5,48.7,48,33.5,37.1,5.5,8.3,44.7,54.2,70,30,63.6,36.4,67.1,76.432,79.152,2.33,12.413,76.4,69.1,1.036,0.992,10.89,-5.1,182,176,210,181,221,218,49,69,157,77,150,176,176,150,269,221,111,190,331,338,129,304,267,22,339,228,135,237,254,274,78,159,31,55,141,113,276
2022,SC,27,54,2,934,31,Chattanooga,13,64,65.5215,308,64.6362,302,111.059,24,110.028,58,99.6475,123,98.756,95,11.2724,72,9.9,108.4,98.5,0.751,32,25,7,78.125,52.8,49.6,27,27.3,17,18,32.7,73.7,26.3,67.3,65.5,53.9,52.1,34.1,30.6,6.5,10,46.6,44.6,60.7,39.3,59.6,40.4,65.6,77.024,79.374,2.605,20.793,76.6,69.6,1.108,0.997,14.52,0.2,79,64,110,79,60,162,272,97,86,205,48,104,104,48,312,41,274,155,36,293,272,281,47,227,134,93,268,317,157,251,22,121,28,73,26,126,186
2022,Pat,25,53,1,933,36,Colgate,14,64,67.6928,197,67.2561,163,111.011,25,108.276,79,99.2826,110,104.059,203,4.21729,119,2.8,106.4,103.6,0.576,33,22,11,66.66667,55.9,49,26.8,24.3,16.9,16.2,26.5,75.2,24.8,73.5,67.7,52.7,48.2,40.2,33.7,9.3,8.5,61.7,52.9,58,42,64.1,35.9,68.2,77.075,80.565,2.413,0.2,69.3,67.1,1.11,0.995,9.704,-6.1,138,93,217,139,11,128,281,40,77,299,233,57,57,233,198,64,121,2,187,153,142,12,231,277,84,242,120,178,152,84,50,354,266,15,24,122,306
2022,MWC,20,54,2,932,39,Colorado St,6,64,65.7368,297,65.0792,280,110.141,32,114.159,20,99.3144,113,98.3029,83,15.8566,31,13.8,112.5,98.7,0.818,29,24,5,82.75862,55.2,49.9,30.4,25,15.1,18.4,21.9,75.1,24.9,78.1,65.8,56.3,50.5,35.7,32.7,9.8,8.4,53.5,50.4,61,39,55.7,44.3,66.4,75.69,78.681,2.004,19.502,77.4,70.9,1.105,0.993,22.01,4.3,47,25,114,50,20,178,175,51,22,171,338,62,62,338,297,11,213,72,128,125,134,104,165,215,144,22,337,273,335,327,181,127,19,135,29,116,94
2022,BE,8,56,4,931,40,Connecticut,5,64,67.0231,242,64.8837,291,109.555,34,113.924,21,95.4483,37,94.5963,35,19.3281,18,17.8,112.6,94.8,0.879,32,23,9,71.875,49.6,45.7,30.6,31.9,17.4,18,38,72.5,27.5,62,67,47.8,42.8,35.3,34.5,16.7,8.3,52.2,44.2,65.8,34.2,67.4,32.6,66.2,78.16,81,2.112,54.692,75,68,1.099,0.953,27.203,3.2,19,24,42,22,199,25,163,229,114,205,1,156,156,1,249,253,5,83,234,5,129,145,41,99,263,325,35,285,38,58,141,45,65,30,34,36,57
2022,BE,8,53,1,930,43,Creighton,9,32,68.0849,174,66.8916,189,100.292,208,105.588,124,96.1478,45,92.1195,18,13.4685,53,11.9,104.2,92.3,0.801,33,22,11,66.66667,50.9,44.9,26,20.3,20.5,15.5,28.6,71.6,28.4,71.4,68.1,53.9,43.5,30.7,31.7,10.6,9.3,51.1,44.8,61.8,38.2,66.4,33.6,67.9,78.241,81.359,1.319,67.849,72.9,72.3,1.006,0.961,27.539,1.9,63,133,20,63,133,13,299,4,307,327,162,198,198,162,176,41,9,314,77,85,220,165,48,200,164,307,55,195,30,31,337,21,140,220,203,47,52
2022,A10,1,56,4,929,44,Davidson,10,64,65.6986,299,64.6212,304,113.241,13,116.781,11,100.016,135,101.978,152,14.8028,41,14.2,115.7,101.5,0.818,32,26,6,81.25,55.6,49.4,32.9,28,14.8,16.9,23.6,77.8,22.2,76.4,65.7,54.2,48.4,38.4,33.8,8.4,7.1,55,51.9,58.9,41.1,56.2,43.8,65.7,78.038,80.984,2.001,36.235,75.7,74.1,1.132,0.998,16.861,2.1,44,14,162,50,15,152,97,112,14,272,307,8,8,307,300,35,130,8,193,190,42,77,205,257,105,26,333,309,42,60,182,74,50,297,12,131,131
2022,CAA,12,54,2,928,46,Delaware,15,64,67.7472,194,66.6342,199,107.166,63,106.849,100,102.824,213,104.566,212,2.283,145,3.6,106.8,103.2,0.597,33,21,12,63.63636,53.5,49.3,34.6,29.3,18.4,18.5,26.8,68.8,31.2,73.2,67.7,54.2,47.5,35,34.9,9.9,8,48.1,45,61.8,38.2,64.4,35.6,67.6,77.165,80.382,2.079,13.46,74.2,75.7,1.072,1.03,12.584,-5.5,129,85,210,132,40,144,64,159,183,164,221,302,302,221,198,35,87,95,257,115,96,252,50,200,164,254,109,206,139,111,152,150,97,335,61,215,232
2022,ACC,2,56,4,927,50,Duke,2,4,68.2765,168,67.3866,150,117.152,5,119.363,7,98.2346,85,95.6508,44,23.7124,12,26,120.4,94.4,0.943,34,28,6,82.35294,55.6,47,28.6,18.9,14.9,16.1,31.9,71.5,28.5,68.1,68.3,55.8,46.9,36.8,31.4,13.1,8.1,56.6,51.8,63.4,36.6,66.2,33.8,68.7,78.372,81.821,0.988,91.521,72.9,67.2,1.169,0.979,28.364,7.2,5,4,40,7,15,48,233,2,17,304,62,204,204,62,169,15,63,39,65,31,103,51,204,156,205,300,60,141,23,11,354,1,140,18,5,82,43
2022,SB,26,56,4,926,66,Georgia St,16,64,67.7572,192,67.1142,174,99.6748,224,101.532,201,97.8036,76,99.6875,114,1.84485,151,1.4,100.8,99.4,0.54,25,15,10,60,45.1,49.7,30.2,32.8,16.9,22.7,32.8,69.3,30.7,67.2,67.8,43.1,45.4,32.3,37.9,12.5,8.9,52.5,56.7,63.1,36.9,61.9,38.1,68.2,75.872,79.491,2.162,28.01,71.6,70,0.993,0.978,12.187,-5.2,154,199,129,154,344,170,181,249,77,19,45,282,282,45,194,351,27,248,343,40,187,137,319,163,200,165,200,178,323,231,121,100,180,88,234,78,244
2022,WCC,33,56,4,925,68,Gonzaga,1,16,73.7703,6,72.4831,4,118.885,2,121.805,1,88.5732,3,88.836,7,32.9688,1,32.4,120.9,88.5,0.973,29,26,3,89.65517,59.4,43.2,29.7,22.2,15.9,17,29,77,23,71,73.8,60.9,41.6,37.9,30.7,13.4,6.6,55,40.6,64.6,35.4,66.1,33.9,73.8,78.737,81.959,1.559,86.976,73.1,69.5,1.19,0.885,24.951,6.7,1,3,7,1,2,1,198,16,40,264,150,21,21,150,6,2,2,17,38,27,23,77,10,122,240,298,62,4,7,10,301,3,131,71,2,3,73
2022,Amer,4,54,2,924,76,Houston,5,8,65.4652,309,63.8376,333,114.576,7,117.348,10,88.9612,4,90.8508,11,26.4976,4,28.2,117.1,88.9,0.96,34,29,5,85.29412,53.6,43.5,28.7,35.1,17.1,21.7,37.8,72.7,27.3,62.2,65.5,55.1,43.5,34.1,29,17.3,6.4,59.5,55.4,60.9,39.1,57.1,42.9,65.1,77.41,80.47,2.179,51.79,66.9,70.5,1.147,0.89,22.655,6.2,2,10,9,2,35,3,231,289,95,30,4,142,142,4,312,22,9,155,11,3,15,21,298,220,143,35,328,330,96,97,116,52,323,114,7,4,90
2022,B10,6,54,2,923,78,Illinois,4,32,68.1937,173,67.0758,177,110.345,30,113.725,23,98.2696,87,94.138,30,19.5866,17,20.5,113.6,93.1,0.908,31,22,9,70.96774,53.1,46.3,31.7,28.4,17.7,15.6,33.4,74.2,25.8,66.6,68.2,51.7,45.5,36.7,32.2,7.1,8.6,57.7,41.7,57.3,42.7,70.4,29.6,68.1,77.299,81.538,2.241,54.781,70.8,72.1,1.102,0.984,30.786,4.2,16,20,27,16,48,32,130,127,127,325,37,76,76,37,173,101,28,41,96,265,151,39,19,298,66,352,9,186,119,22,102,44,207,199,32,91,21
2022,B10,6,55,3,922,79,Indiana,12,64,67.8765,185,66.9603,185,103.985,131,107.558,91,95.8817,43,92.6213,21,14.9367,36,17.5,108,90.5,0.884,33,20,13,60.60606,51.3,45.6,33.5,30.6,17.3,17.4,26.9,75,25,73.1,67.9,51.4,43.4,33.9,32.6,14.4,7,57.4,48,68.2,31.8,59.8,40.2,68.2,78.018,80.526,2.053,72.37,69.9,76.1,1.04,0.959,29.313,0.3,22,69,13,20,118,23,84,190,108,235,217,64,64,217,187,112,7,171,120,16,38,40,108,52,308,100,263,178,44,90,163,13,236,345,132,45,32
2022,B10,6,53,1,921,82,Iowa,5,64,70.3455,72,69.5965,52,118.165,4,121.548,2,101.016,160,98.0208,77,23.5269,13,23.4,121.1,97.7,0.922,35,26,9,74.28571,53.6,49.8,30.4,26.2,12.9,19.3,32.2,69.8,30.2,67.8,70.3,52.6,50,36.8,32.9,11.4,7.3,53.8,54.5,60.8,39.2,63.5,36.5,70.8,77.502,80.532,1.681,43.723,74.9,70.6,1.183,1.007,28.129,4.6,12,2,91,14,35,172,175,74,3,124,55,264,264,55,74,67,190,39,140,66,59,97,275,224,138,223,140,50,87,89,275,62,70,121,4,151,45
2022,B12,7,53,1,920,83,Iowa St,11,16,67.2114,228,66.0731,232,98.0934,259,104.382,151,92.9036,18,90.4362,10,13.9459,48,14.4,103.1,88.7,0.849,32,20,12,62.5,49.9,48.4,28.1,36.2,20.4,24.5,28.2,71.5,28.5,71.8,67.2,50.9,50.7,32.1,29.6,9.5,11.3,60.1,52.3,62.6,37.4,62.5,37.5,67.3,76.518,79.663,2.195,47.374,68.4,71.9,0.981,0.93,36.278,2.8,42,154,8,36,184,109,253,307,303,6,170,204,204,170,232,130,220,257,18,143,326,18,219,176,187,181,180,225,241,208,112,57,289,186,261,18,6
2022,ASun,5,53,1,919,84,Jacksonville St,15,64,66.1608,275,65.1165,276,106.638,71,105.325,132,99.7107,127,103.083,178,2.24147,146,2.3,104,101.7,0.564,29,19,10,65.51724,54.2,48,32.2,21.1,20,17.1,28.3,73.8,26.2,71.7,66.2,51.8,47.4,38.2,32.5,9.2,8.3,53.9,53.1,57.3,42.7,55.1,44.9,66.2,76.546,80.43,2.546,6.265,68.3,77.4,1.059,0.994,10.698,-5.2,143,138,171,142,26,86,117,6,286,260,166,96,96,166,277,97,83,12,113,156,129,91,234,298,66,19,340,285,237,104,25,221,292,356,89,119,277
2022,B12,7,53,1,918,86,Kansas,1,1,69.5494,92,69.0976,68,111.605,21,119.389,6,97.191,66,93.8965,29,25.492,6,27.3,120.2,92.9,0.951,34,28,6,82.35294,54.1,46.9,32.8,27.8,17.8,18.4,33.4,71.1,28.9,66.6,69.5,54.5,47.9,35.5,30.1,10.5,7.8,53.9,47.5,66.2,33.8,65.8,34.2,70.1,77.142,80.111,2.082,77.998,72.4,70.7,1.119,0.97,36.398,10.4,3,5,25,4,28,45,101,106,130,171,37,217,217,37,94,32,106,75,26,90,84,91,93,84,275,291,71,72,140,138,150,7,157,125,20,62,5
2022,SEC,28,55,3,917,90,Kentucky,2,64,69.3278,97,67.3275,155,114.407,9,120.191,4,95.4126,36,93.5959,27,26.5948,3,25.2,119.1,93.9,0.939,33,26,7,78.78788,53.3,46.5,27.2,25.1,16.6,17.4,37.8,75.1,24.9,62.2,69.3,53.7,47.2,34.9,30.3,11,6.4,53,46.2,71.9,28.1,64,36,68.7,76.828,80.438,1.856,74.515,73,71.5,1.142,0.948,32.472,6.9,7,6,34,8,46,38,270,54,60,235,4,62,62,4,104,43,75,99,32,72,15,120,69,12,349,238,121,141,187,102,226,9,136,173,9,32,16
2022,BSth,10,54,2,916,100,Longwood,14,64,67.1683,231,66.0454,235,108.965,40,106.108,115,98.0629,83,103.624,191,2.48399,144,3,105.6,102.6,0.582,28,22,6,78.57143,51.7,50.6,35.9,26.8,18.2,20.1,33.6,75.5,24.5,66.4,67,48,53.6,38.6,31.1,6.3,11.6,52.7,49.3,62.8,37.2,56.4,43.6,66.8,75.561,78.467,2.05,4.353,72.4,74,1.091,0.985,8.664,-2.3,135,104,191,136,102,209,48,87,169,82,32,49,49,32,249,247,319,6,50,306,335,133,140,169,193,27,332,254,343,341,164,252,157,294,39,94,337
2022,MVC,19,54,2,915,103,Loyola Chicago,10,64,65.6169,302,64.5889,308,109.986,33,110.891,42,92.9722,20,93.196,22,17.6948,24,15.2,109.1,93.9,0.849,31,24,7,77.41935,56.3,47,31.9,28.4,18.4,19.9,25.1,76.1,23.9,74.9,65.6,55.8,46.9,38,31.5,7.3,11.1,56.8,41.9,56.9,43.1,61.9,38.1,65.6,76.759,79.514,2.525,5.155,71.8,73.3,1.1,0.932,19.04,1.8,33,58,34,36,7,48,127,127,183,90,279,38,38,279,306,15,63,16,68,252,323,46,21,307,57,165,200,317,203,226,29,244,172,267,33,21,114
2022,SEC,28,53,1,914,105,LSU,6,64,70.6956,55,68.6446,92,102.61,163,107.64,89,89.6727,5,88.5581,5,19.0816,19,17.7,105.8,88.1,0.891,33,22,11,66.66667,49.5,45.1,33,38.4,20.4,25.3,33.7,68.8,31.2,66.3,70.6,50.5,47.7,31.9,28,14.8,8.8,48.7,54,65.4,34.6,54.1,45.9,69.8,77.616,80.415,1.196,72.652,73.2,69,1.029,0.894,30.073,2.3,21,100,5,18,205,16,96,332,303,2,27,302,302,27,61,149,95,269,4,11,174,235,258,109,252,12,347,89,79,106,347,11,124,50,155,6,24
2022,BE,8,55,3,913,107,Marquette,9,64,71.4884,38,70.6644,26,103.451,145,109.787,62,98.5096,95,95.785,46,14.0024,47,12.6,107.9,95.3,0.807,31,19,12,61.29032,52.6,46.7,26.8,29.7,17.3,19.1,22.4,68.6,31.4,77.6,71.5,52.9,46.2,34.7,31.7,12.7,9.1,59.4,54.9,58.3,41.7,64.4,35.6,72.1,77.866,80.422,1.239,58.313,74.7,69.9,1.033,0.984,29.119,0.7,60,71,50,60,68,40,281,169,108,134,329,308,308,329,39,61,42,108,77,34,204,22,285,267,93,254,109,21,56,105,344,35,83,82,147,91,37
2022,Amer,4,56,4,912,111,Memphis,9,32,71.4262,40,70.2976,34,105.619,97,110.368,50,96.197,46,94.1479,31,16.2198,28,17.2,110.4,93.2,0.875,31,21,10,67.74194,52.6,46.5,38.4,32.9,22.9,20.9,37.5,69,31,62.5,71.4,52,45.3,35.9,32.1,16.8,9.1,59.6,57,69.2,30.8,57.2,42.8,71.5,77.792,81.378,1.725,80.073,69.2,70,1.056,0.957,26.062,1.4,26,37,29,24,68,38,19,251,352,47,5,294,294,5,41,89,25,61,90,4,204,20,323,34,327,38,323,31,62,28,264,4,271,88,100,40,68
2022,ACC,2,53,1,911,113,Miami FL,10,8,67.5221,204,67.2783,160,110.368,29,114.756,17,104.983,253,102.136,157,12.6207,62,13.7,114.3,100.6,0.813,33,23,10,69.69697,54.2,53.4,28.9,24.6,14.2,20.3,23.4,69.7,30.3,76.6,67.5,54.9,53.9,35.3,35.2,8.5,8.6,50.8,56.6,64.1,35.9,60.6,39.4,68.5,76.713,80.224,2.424,65.462,74.3,69.1,1.104,1.048,27.253,2.6,49,18,139,55,26,319,225,47,8,73,311,267,267,311,211,26,325,83,271,186,151,172,317,137,224,122,240,156,211,126,48,25,91,55,31,253,55
2022,B10,6,54,2,910,114,Michigan,11,16,67.5085,206,66.285,218,108.005,50,114.207,19,103.654,226,98.5588,91,15.6481,33,17.2,113.9,96.7,0.868,31,17,14,54.83871,52.3,50.3,28.9,26.6,17.1,15,31.2,76.2,23.8,68.8,67.5,53,50.8,34,33,8.1,8.4,52.4,41.6,67.7,32.3,66.1,33.9,67.2,78.228,82.778,1.413,72.575,74.6,72.9,1.082,1.035,34.033,0.2,26,19,73,27,78,190,225,83,95,336,77,36,36,77,211,59,225,164,147,205,134,140,18,59,301,298,62,233,31,3,326,12,84,253,50,226,13
2022,B10,6,56,4,909,115,Michigan St,7,32,68.0511,176,67.5067,141,105.927,89,111.275,38,100.988,158,96.4032,53,14.8717,40,15.4,110.9,95.5,0.848,34,22,12,64.70588,52,47.5,30.4,28.3,19.2,15.3,30.7,73,27,69.3,68.1,49.7,47.9,37.8,31.2,13.4,8.7,60.7,51.7,66.6,33.4,62.2,37.8,68.7,78.586,81.359,1.746,75.799,74.7,70.9,1.059,1.006,32.331,2.9,32,33,52,37,93,67,175,124,234,331,93,122,122,93,176,182,106,19,60,27,162,15,202,80,281,176,185,141,11,31,256,8,83,135,89,148,17
2022,BSky,9,56,4,908,124,Montana St,14,64,68.9381,124,67.294,157,108.242,48,104.531,147,98.3861,92,100.723,129,3.80856,125,2.2,103,100.8,0.562,32,25,7,78.125,54.1,48.6,40.5,36.2,18.5,18.3,26.7,76.7,23.3,73.3,68.7,53.2,48.2,37.2,32.8,10.4,8.1,47.3,38.8,64,36,64.1,35.9,68,76.746,80.128,1.961,7.356,74.8,75.8,1.084,0.99,7.984,-2.8,144,157,146,144,28,115,4,307,192,181,228,25,25,228,141,55,121,27,131,92,103,267,5,141,221,242,120,190,206,136,197,211,73,337,47,107,348
2022,OVC,22,55,3,907,128,Murray St,7,32,67.4595,211,65.7834,246,113.009,14,111.518,35,92.0871,10,95.1287,40,16.389,27,14.6,109.6,95,0.838,29,27,2,93.10345,52.9,48,31.1,24.6,17.1,21,35.5,74.6,25.4,64.5,67.5,53.5,50,34.7,30.1,9.5,10.5,50.2,45.5,62.3,37.7,59.4,40.6,67,76.615,79.972,2.121,18.119,69.8,67.6,1.131,0.924,12.852,3.5,39,48,44,39,56,86,150,47,95,43,12,67,67,12,211,47,190,108,26,143,300,191,56,186,177,89,270,241,230,163,136,129,239,21,13,13,226
2022,WAC,32,56,4,906,132,New Mexico St,12,32,67.8721,186,66.1724,223,104.869,119,107.805,87,96.0926,44,97.7021,73,10.1026,81,8.6,106.1,97.5,0.726,29,23,6,79.31034,52.2,45.5,35.4,27.8,20.7,16.9,33.3,73.8,26.2,66.7,67.9,54.1,45.8,33,30,12.9,6.3,53.6,48.2,58.9,41.1,57.4,42.6,67.3,78.058,80.361,2.364,16.577,69.5,74.2,1.05,0.958,14.913,0.7,86,98,86,85,79,22,53,106,316,272,39,96,96,39,187,36,33,220,23,32,10,103,112,257,105,43,318,225,41,113,69,137,254,300,111,42,172
2022,MEAC,18,55,3,905,134,Norfolk St,16,64,70.4806,66,66.9322,187,103.718,139,102.43,190,93.6633,25,102.285,160,0.14543,168,-2.2,99.9,102.1,0.438,27,21,6,77.77778,51.5,45.1,39.1,33.3,19.9,18.5,29.8,72.8,27.2,70.2,70.6,51.3,46.3,34.5,29.1,10.2,9.9,47.6,54.6,64.2,35.8,54.9,45.1,68.2,76.636,79.263,2.43,7.809,69.5,64.8,1.032,0.934,6.905,-3.1,199,220,181,198,109,16,9,259,282,164,125,138,138,125,61,115,46,121,12,100,265,260,279,134,228,17,342,178,226,267,46,203,254,2,151,24,357
2022,ACC,2,55,3,904,135,North Carolina,8,2,70.2181,77,70.1492,38,109.416,35,113.057,27,100.974,156,97.0108,64,16.0459,29,16.9,112.8,95.9,0.866,33,24,9,72.72727,52.1,49.8,29.6,21.5,16.5,14.1,30.4,79.2,20.8,69.6,70.2,50.7,48.3,36.2,34.9,9.7,8.5,53.6,48,62.6,37.4,63.1,36.9,71.2,78.254,81.474,1.742,87.453,77.2,73.7,1.096,1.014,29.665,4.3,27,22,60,28,83,172,206,12,57,349,104,2,2,104,77,135,127,53,257,131,142,103,108,176,187,207,159,41,29,24,259,2,21,284,36,171,28
2022,ACC,2,56,4,903,149,Notre Dame,11,32,65.9041,288,65.7294,250,108.378,46,111.997,29,100.674,147,98.3632,84,13.6336,52,14.8,111.9,97.1,0.836,31,21,10,67.74194,54,49.1,27.7,22.9,15.5,15,22.1,76,24,77.9,65.9,52,49.9,37.8,31.7,4.8,9.1,55.4,44.1,56.9,43.1,64.7,35.3,66.6,78.08,80.4,2.393,72.248,75.9,69.3,1.083,1.007,27.584,1.8,36,27,79,41,29,133,263,23,31,336,335,40,40,335,290,89,181,19,77,350,204,71,39,307,57,263,102,261,40,109,58,14,46,66,48,151,50
2022,B10,6,54,2,902,152,Ohio St,7,32,65.3779,314,64.9727,287,112.068,18,116.627,13,103.964,235,100.804,131,15.8224,32,16.8,116.3,99.5,0.857,30,19,11,63.33333,54.8,47.9,33.5,29.2,16.7,15.3,28.8,71.4,28.6,71.2,65.4,54,46.2,37.3,34,12.5,7.8,49,47.4,60.3,39.7,64.7,35.3,66.2,77.248,79.752,1.936,66.738,76,73.4,1.119,1.038,29.666,1.4,28,11,131,31,22,84,84,155,66,331,153,207,207,153,315,38,42,25,207,40,84,228,88,233,127,263,102,285,125,193,204,23,42,275,20,230,27
2022,BE,8,53,1,901,166,Providence,4,16,66.0606,280,65.193,273,106.471,74,111.929,31,99.604,122,98.0491,79,13.8797,49,14.7,111.6,96.9,0.835,30,25,5,83.33333,50.3,46.7,38.5,26.3,17.3,15.8,30.5,72,28,69.5,66.1,49.6,46.6,34.3,31.2,9.9,9.9,54,46.3,61.9,38.1,63.9,36.1,66.5,77.714,80.621,2.733,42.028,72.6,70.9,1.066,0.995,25.783,6,37,29,76,42,163,40,15,79,108,317,103,176,176,103,281,189,53,134,60,115,265,87,73,194,167,237,125,264,67,76,8,65,149,135,74,122,70
2022,B10,6,55,3,900,167,Purdue,3,16,66.6017,263,65.764,248,118.576,3,121.268,3,102.357,196,98.9804,100,22.2872,14,25.1,122.6,97.5,0.933,34,27,7,79.41176,57,49.6,36.3,21.4,17.3,14.1,35.2,76.4,23.6,64.8,66.6,55.9,49.2,39.1,33.5,9.9,6.7,58.9,53.1,60.9,39.1,59,41,66.8,78.453,82.01,1.778,60.487,70.3,72,1.185,1.022,30.201,7.1,8,1,86,13,4,162,41,9,108,349,13,31,31,13,264,13,158,4,172,115,28,27,234,220,143,82,281,254,16,9,248,32,223,193,3,192,23
2022,A10,1,53,1,899,170,Richmond,12,32,67.501,207,66.8627,191,105.575,100,109.146,69,100.278,141,99.3205,104,9.82501,83,8.3,107.7,99.4,0.716,35,23,12,65.71429,51.5,50.5,30.9,23.5,14.4,18.9,22.4,72.8,27.2,77.6,67.4,52.2,50,33.8,34.3,6.1,9.4,57.3,48.3,58,42,64.3,35.7,67.8,76.674,80.409,2.623,15.581,72.5,72.3,1.057,1.006,19.541,-1.6,91,75,129,91,109,201,156,31,9,145,329,138,138,329,219,79,190,175,224,316,231,41,114,277,84,249,111,199,219,107,20,142,153,220,95,148,112
2022,B10,6,0,0,898,172,Rutgers,11,68,65.7294,298,64.9317,289,102.697,161,106.375,107,99.4951,118,95.5107,43,10.8648,74,9,104.6,95.6,0.738,31,18,13,58.06452,49.5,48.3,26.9,28.8,17.3,18.2,29.3,72.9,27.1,70.7,65.7,49.1,46.5,33.6,34,11.8,8,58.7,52.9,68.6,31.4,59.8,40.2,66.1,78.702,80.718,2.135,51.706,70.1,73,1.025,0.993,28.945,-0.7,84,122,54,83,205,104,277,141,108,189,140,127,127,140,300,204,49,182,207,52,96,30,231,46,317,100,263,288,9,70,132,53,229,256,168,116,38
2022,WCC,33,55,3,897,175,Saint Marys,5,32,65.5835,304,63.493,338,106.095,82,109.764,64,93.3164,22,89.9554,9,19.8082,16,17.7,107.8,90.1,0.887,31,24,7,77.41935,52.6,48.3,23.2,24.4,17.1,19.5,27.3,78.1,21.9,72.7,65.6,52.6,47,35.1,34.4,6.5,8.8,51,35.9,63.9,36.1,71.2,28.8,64.8,77.82,80.684,2.27,32.634,76.7,71.4,1.06,0.933,25.887,3.9,21,74,11,19,68,104,341,42,95,108,201,6,6,201,306,67,69,90,231,293,174,166,1,145,217,355,4,337,60,72,94,86,26,170,84,22,69
2022,MAAC,16,55,3,896,176,Saint Peters,15,8,67.0262,241,65.9614,242,98.7557,249,98.7512,259,92.3289,12,94.4758,34,4.27548,118,3.5,97.6,94.1,0.604,29,18,11,62.06897,47.8,44.1,37.5,41,20.8,20.9,31.5,72,28,68.5,67,45.9,44,34.8,29.4,14.6,13.2,51.6,51.6,69.7,30.3,63.7,36.3,66.8,76.197,79.399,1.895,0.2,68.5,73.5,0.983,0.925,12.317,-5.6,132,262,36,127,276,8,30,347,319,47,72,176,176,72,249,317,11,103,16,13,353,155,198,26,334,231,130,254,293,244,214,354,286,279,260,15,240
2022,MWC,20,53,1,895,179,San Diego St,8,64,65.2321,319,65.2809,268,99.3087,235,104.106,157,87.9036,1,85.9549,2,18.151,22,15,101.4,86.4,0.863,31,23,8,74.19355,48.8,44,31.3,30.6,19.3,21.7,29.6,73,27,70.4,65.2,46.6,43.1,35.8,30.4,14.4,8.3,49.7,51,69.2,30.8,61.8,38.2,66.2,77.275,80.352,2.481,31.863,69.5,67.3,0.993,0.877,23.962,2.6,35,189,2,30,239,5,142,190,244,30,127,122,122,127,322,301,6,66,34,16,129,205,185,34,327,158,204,285,123,115,38,89,254,19,234,1,82
2022,WCC,33,55,3,894,180,San Francisco,10,64,70.641,59,68.6767,89,107.272,61,110.756,45,94.4226,29,92.3886,19,18.3679,21,17.2,109.4,92.2,0.877,32,23,9,71.875,53.1,46.9,28.4,32.2,18.1,18.5,30.3,76.2,23.8,69.7,70.6,53.9,48.4,34.7,28.9,11.5,9,47,43.2,55.6,44.4,69.6,30.4,69.8,77.33,81.411,2.568,3.516,69.2,71,1.076,0.944,24.113,1.6,26,52,19,23,48,45,241,235,157,164,107,36,36,107,61,41,130,108,9,62,196,273,28,321,39,345,15,89,111,26,23,264,271,143,55,29,80
2022,BE,8,54,2,893,181,Seton Hall,8,64,68.6462,141,67.2574,162,103.686,140,108.487,75,96.4278,51,93.5199,26,14.967,35,13.5,106.8,93.3,0.826,30,20,10,66.66667,47.6,45.4,30.8,27.8,17.5,18.5,32.7,70.9,29.1,67.3,68.7,46.2,44.8,33.3,31,14.1,11,39.9,48.2,64.4,35.6,65.7,34.3,68.6,78.886,82.244,2.526,67.935,75.6,77.3,1.038,0.962,28.752,2.1,50,85,30,47,281,18,158,106,118,164,48,226,226,48,141,314,17,201,46,18,317,352,112,126,233,287,75,147,5,7,28,20,52,354,135,49,41
2022,Sum,30,53,1,892,186,South Dakota St,13,64,71.5227,37,69.4008,59,119.382,1,116.763,12,103.747,228,105.32,220,11.4429,71,11,115,104,0.761,32,28,4,87.5,59.7,51.5,35.2,21.3,15.3,15.8,24,75.8,24.2,76,71.5,56.3,50.6,44.2,35.2,6.3,7.1,47.3,43.7,65.7,34.3,58.6,41.4,70.7,76.682,79.114,2.058,0.603,76,74.1,1.191,1.038,11.018,1.5,74,16,225,75,1,251,56,8,24,317,301,46,46,301,39,11,217,1,271,306,42,267,36,102,259,69,293,55,216,280,159,293,42,297,1,230,272
2022,B12,7,54,2,891,197,TCU,9,32,67.1122,237,65.834,244,101.094,199,108.261,80,96.6485,54,93.3525,24,14.909,38,14.5,107.4,92.9,0.841,32,20,12,62.5,48.9,47.7,31.2,26.7,21.6,18.4,37.8,73.9,26.1,62.2,67.2,50.5,47.9,30.3,31.5,11.4,8.6,53.9,54.2,68,32,65.4,34.6,66.9,77.933,80.572,1.734,65.515,66.8,71.2,1.01,0.964,36.146,2.9,40,78,25,38,231,77,144,84,340,171,4,93,93,4,232,149,106,321,68,66,151,91,267,57,304,278,84,247,52,82,262,24,325,158,201,51,7
2022,SEC,28,54,2,890,199,Tennessee,3,32,68.6808,138,67.1668,172,105.997,87,111.439,36,90.464,7,86.1987,3,25.2399,7,23.2,110.1,86.9,0.938,33,26,7,78.78788,50.3,46.2,29.6,31.6,18,22.9,32.8,72.6,27.4,67.2,68.7,48,45.8,35.8,31.2,13.2,7.8,62.3,51.3,59.3,40.7,60.6,39.4,68.3,76.747,81.038,1.362,69.805,71.2,70.6,1.058,0.907,34.071,8,13,39,3,9,163,28,206,219,146,16,45,147,147,45,141,247,33,66,60,29,84,6,191,253,107,122,240,171,205,53,330,16,192,121,91,7,12
2022,B12,7,55,3,889,200,Texas,6,32,64.188,343,63.0969,341,105.723,94,111.812,32,91.9048,8,91.4059,13,20.4063,15,21.1,111.6,90.5,0.918,32,21,11,65.625,50.1,46.5,32.3,36.8,18.2,23.3,31.9,70,30,68.1,64.2,50.9,46.1,32.3,31.6,10.1,9.3,53.3,43.9,64,36,66.3,33.7,64.1,76.788,79.048,2.664,78.557,74.9,66.9,1.056,0.921,35.097,3.3,15,29,13,15,171,38,115,316,169,14,62,257,257,62,343,130,38,248,72,104,220,112,38,141,221,303,58,343,195,285,13,6,70,12,100,9,10
2022,Slnd,29,0,0,888,202,Texas A&M Corpus Chris,16,68,71.7318,32,68.9287,73,102.501,166,96.9771,287,98.6743,99,103.288,181,-6.3107,243,-6.5,96.4,102.9,0.321,30,19,11,63.33333,47.3,49.1,38.4,41.6,19.9,22.7,34.7,71,29,65.3,71.7,47.3,50.5,31.6,31.5,5.1,9.9,53.4,53.8,68.7,31.3,57.2,42.8,70,75.778,78.731,2.352,3.592,75,75.4,1.024,0.986,7.53,-7.6,251,284,201,254,289,133,19,349,282,19,16,221,221,16,36,269,213,278,68,341,265,108,248,41,321,38,323,77,331,322,73,263,65,329,170,96,352
2022,SWAC,31,53,1,887,203,Texas Southern,16,64,69.2557,104,67.6207,130,99.3772,233,98.1424,270,94.3754,27,99.4749,108,-1.33245,188,-1.7,96.9,98.6,0.45,30,18,12,60,48.7,44.9,32.7,34.3,21.4,17.4,33.8,71.8,28.2,66.2,69.3,49.2,45.2,31.7,29.5,13.4,6.2,42.3,46.9,68.6,31.4,64.2,35.8,68.7,77.009,80.4,2.813,16.145,67.1,65.6,0.996,0.942,11.938,-6.8,191,274,112,191,241,13,105,278,332,235,26,185,185,26,104,202,22,276,17,27,7,336,82,46,317,247,116,141,159,109,3,139,321,6,227,26,250
2022,B12,7,56,4,886,204,Texas Tech,3,16,67.472,209,66.455,211,104.973,114,109.701,65,88.3557,2,85.0595,1,24.641,9,23.6,109.1,85.5,0.943,34,25,9,73.52941,52.4,45.5,36.1,32.1,20.3,23.6,33.3,73.9,26.1,66.7,67.5,55.1,44.3,31.4,31.3,11.9,7.2,52.3,53.8,65.6,34.4,54.4,45.6,67.4,78.314,80.053,2.456,22.03,69.9,68.3,1.051,0.884,35.796,6.5,10,58,1,7,75,22,46,232,297,10,39,93,93,39,211,22,13,285,62,51,51,141,248,104,256,15,344,218,27,147,41,118,236,39,110,2,8
2022,CUSA,13,54,2,885,207,UAB,12,64,70.1548,78,68.7871,81,111.84,19,112.489,28,95.4026,35,98.456,89,14.0333,46,13,111.1,98.1,0.807,32,25,7,78.125,52.9,47.9,29.5,31.5,16.3,21.4,33.4,72.6,27.4,66.6,70.1,50.6,47.5,38.3,32.4,11.4,8.7,44.2,45.9,67.3,32.7,62.9,37.1,69.9,76.646,80.366,2.645,28.246,73.9,71.1,1.121,0.954,14.007,-0.1,56,32,101,60,56,84,208,218,49,33,37,147,147,37,82,141,87,10,109,66,162,310,62,67,293,195,167,85,223,112,19,98,101,150,18,38,197
2022,P12,24,55,3,884,212,UCLA,4,16,67.1833,230,65.5444,258,111.821,20,116.076,15,94.6157,31,91.2287,12,24.8472,8,23.5,115.1,91.6,0.933,32,25,7,78.125,50.6,47.7,29.8,29.2,13.4,19.7,31.9,75.2,24.8,68.1,67.2,49.6,47.3,35.2,32.2,9.5,7.9,49.9,51.1,68.5,31.5,62.2,37.8,66.8,77.88,80.205,2.209,79.66,73.6,72.3,1.117,0.948,27.038,5.1,11,15,16,13,147,77,192,155,5,97,62,57,57,62,232,189,78,85,96,143,90,199,187,49,312,176,185,254,55,127,110,5,111,220,21,32,61
2022,P12,24,53,1,883,218,USC,7,64,67.4471,214,66.022,237,106.564,73,110.473,47,96.9625,63,96.0232,49,14.4494,42,13.3,109.3,96,0.816,33,26,7,78.78788,51.1,44.7,30.9,26.3,17.7,14.7,33.8,72.8,27.2,66.2,67.4,50.1,41.6,35.4,33.7,11.2,8.3,52.8,50,68,32,65.5,34.5,67.1,79.116,81.678,2.119,59.267,66.6,71.3,1.068,0.97,24.007,4.1,54,55,64,53,126,10,156,79,127,341,26,138,138,26,219,162,2,78,187,70,129,131,152,57,304,283,80,237,4,17,137,34,333,166,71,62,81
2022,AE,3,56,4,882,227,Vermont,13,64,65.1612,322,64.9527,288,114.506,8,110.775,44,92.9081,19,97.7084,74,13.0669,59,11.2,108.6,97.4,0.778,32,27,5,84.375,57.3,47.7,26.6,22.6,14.9,17.1,24,81.4,18.6,76,65.1,58.9,45.2,36.8,34.4,7,8.9,54.9,43.5,56.9,43.1,62.4,37.6,65.9,76.344,78.553,2.807,4.679,74.7,68.4,1.143,0.928,8.437,-0.8,72,63,83,71,3,77,285,18,17,260,301,1,1,301,324,3,22,39,231,274,187,78,32,307,57,178,181,302,268,338,4,248,83,42,8,17,342
2022,BE,8,54,2,881,228,Villanova,2,4,64.1915,342,62.55,345,112.845,15,117.95,8,97.6798,75,93.8397,28,24.1107,11,24.1,117.1,93,0.934,33,26,7,78.78788,52,47.5,30.5,25.1,15.5,18.8,30.9,72,28,69.1,64.2,50.3,48.2,35.9,31,7.1,10.9,49,50,54,46,57,43,63.6,77.347,79.315,2.392,69.071,82.3,74.5,1.127,0.979,31.835,7.4,9,10,26,10,93,67,168,54,31,149,85,176,176,85,343,157,121,61,46,265,312,228,152,337,23,30,330,345,108,259,59,18,1,311,15,82,18
2022,ACC,2,55,3,880,230,Virginia Tech,11,64,63.4606,346,62.9067,344,111.1,23,114.268,18,98.0541,82,96.4045,54,17.8634,23,19.8,114.7,94.9,0.898,35,23,12,65.71429,55.2,48.7,23.7,25.2,17,18.8,28.1,73.9,26.1,71.9,63.5,52.5,49.4,39.3,31.7,9.5,9.4,55.4,50.6,58.6,41.4,63,37,64,76.763,79.95,2.136,20.673,74.3,74.4,1.111,0.978,28.436,1.7,17,17,43,17,20,118,336,55,86,149,171,93,93,171,346,71,163,3,77,143,231,71,172,264,97,199,163,344,201,168,131,122,91,307,23,78,42
2022,B10,6,53,1,879,240,Wisconsin,3,32,67.1476,232,66.466,208,105.178,108,110.398,49,98.919,103,94.8142,38,15.5839,34,16.3,110.1,93.8,0.863,31,24,7,77.41935,48.2,49.4,32.3,27.7,12.7,16.9,25.8,76,24,74.2,67.2,48.9,49.9,31.3,32.3,7.5,9,44,45.9,64,36,66.3,33.7,67.5,78.364,82.342,1.462,62.378,74.2,68,1.053,0.991,31.803,6.5,30,39,32,30,262,152,115,103,2,272,255,40,40,255,232,215,181,289,101,243,196,314,62,141,221,303,58,212,26,6,316,28,97,30,105,110,19
2022,Horz,14,54,2,878,242,Wright St,16,64,69.1928,109,68.4334,97,108.996,39,106.365,108,103.348,218,107.231,262,-0.86607,182,-2.7,104.2,106.9,0.427,33,20,13,60.60606,52,51.2,31.1,26,17.9,18.4,31.3,70,30,68.7,69.2,53.2,51.6,33,33.7,7.5,6.7,50.3,41,67.5,32.5,65.8,34.2,69.6,76.961,79.768,1.581,9.944,76.6,71.3,1.086,1.035,8.923,-8.4,204,133,274,204,93,237,150,66,135,171,75,257,257,75,110,55,257,220,187,243,28,186,14,64,296,291,71,95,168,190,296,174,28,166,44,226,331
2022,MWC,20,0,0,877,243,Wyoming,12,68,66.1084,279,66.0062,238,107.367,58,110.173,54,97.9249,80,97.0777,66,13.0956,58,11.2,108.7,97.5,0.777,32,24,8,75,52.4,47.2,37,24.5,16.7,15.8,25.6,75.9,24.1,74.4,66.1,54.5,48.3,33,30.3,5.8,8.5,43.8,42.4,58.2,41.8,61.3,38.7,66.8,78.721,80.509,1.816,1.779,72.5,72.8,1.07,0.978,21.516,1.9,72,62,86,72,75,51,34,43,66,317,264,45,45,264,281,32,127,220,32,327,142,320,25,272,91,141,222,254,8,93,237,281,153,249,64,78,100
2022,Ivy,15,55,3,876,245,Yale,14,64,70.2695,73,68.6807,86,101.727,182,101.474,203,98.5686,96,99.2392,103,2.23432,147,1.4,99.8,98.4,0.541,29,18,11,62.06897,50.1,48.9,32.7,31.1,18.3,18.2,25.6,73.5,26.5,74.4,70.3,50.5,51.1,32.9,30.4,9.2,9.7,46.4,48,63.7,36.3,58.8,41.2,69.8,76.299,78.217,1.898,9.416,73.7,68.1,1.017,0.988,14.651,-4.9,154,226,106,153,171,126,105,205,177,189,264,110,110,264,74,149,233,225,34,156,249,283,108,151,210,75,286,89,277,352,213,185,106,34,182,101,180
